Date,Score,Home_team,Away_team,Home_goals,Away_goals
08 Sep 2018,6-0,Switzerland,Iceland,6,0
11 Sep 2018,1-0,England,Switzerland,1,0
12 Oct 2018,2-1,Belgium,Switzerland,2,1
15 Oct 2018,1-2,Iceland,Switzerland,1,2
14 Nov 2018,0-1,Switzerland,Qatar,0,1
18 Nov 2018,5-2,Switzerland,Belgium,5,2
23 Mar 2019,0-2,Georgia,Switzerland,0,2
26 Mar 2019,3-3,Switzerland,Denmark,3,3
05 Jun 2019,3-1,Portugal,Switzerland,3,1
09 Jun 2019,0-0 (5-6),Switzerland,England,5,6
05 Sep 2019,1-1,Republic of Ireland,Switzerland,1,1
08 Sep 2019,4-0,Switzerland,Gibraltar,4,0
12 Oct 2019,1-0,Denmark,Switzerland,1,0
15 Oct 2019,2-0,Switzerland,Republic of Ireland,2,0
15 Nov 2019,1-0,Switzerland,Georgia,1,0
18 Nov 2019,1-6,Gibraltar,Switzerland,1,6
03 Sep 2020,2-1,Ukraine,Switzerland,2,1
06 Sep 2020,1-1,Switzerland,Germany,1,1
07 Oct 2020,1-2,Switzerland,Croatia,1,2
10 Oct 2020,1-0,Spain,Switzerland,1,0
13 Oct 2020,3-3,Germany,Switzerland,3,3
11 Nov 2020,2-1,Belgium,Switzerland,2,1
14 Nov 2020,1-1,Switzerland,Spain,1,1
17 Nov 2020,3-0,Switzerland,Ukraine,3,0
25 Mar 2021,1-3,Bulgaria,Switzerland,1,3
28 Mar 2021,1-0,Switzerland,Lithuania,1,0
31 Mar 2021,3-2,Switzerland,Finland,3,2
30 May 2021,0-0,Switzerland,USA,0,0
07 Sep 2018,1-1,Italy,Poland,1,1
10 Sep 2018,1-0,Portugal,Italy,1,0
10 Oct 2018,1-1,Italy,Ukraine,1,1
14 Oct 2018,0-1,Poland,Italy,0,1
17 Nov 2018,0-0,Italy,Portugal,0,0
20 Nov 2018,1-0,Italy,USA,1,0
23 Mar 2019,2-0,Italy,Finland,2,0
26 Mar 2019,6-0,Italy,Liechtenstein,6,0
08 Jun 2019,0-3,Greece,Italy,0,3
11 Jun 2019,2-1,Italy,Bosnia and Herzegovina,2,1
05 Sep 2019,1-3,Armenia,Italy,1,3
08 Sep 2019,1-2,Finland,Italy,1,2
12 Oct 2019,2-0,Italy,Greece,2,0
15 Oct 2019,0-5,Liechtenstein,Italy,0,5
15 Nov 2019,0-3,Bosnia and Herzegovina,Italy,0,3
18 Nov 2019,9-1,Italy,Armenia,9,1
04 Sep 2020,1-1,Italy,Bosnia and Herzegovina,1,1
07 Sep 2020,0-1,Netherlands,Italy,0,1
07 Oct 2020,6-0,Italy,Moldova,6,0
11 Oct 2020,0-0,Poland,Italy,0,0
14 Oct 2020,1-1,Italy,Netherlands,1,1
11 Nov 2020,4-0,Italy,Estonia,4,0
15 Nov 2020,2-0,Italy,Poland,2,0
18 Nov 2020,0-2,Bosnia and Herzegovina,Italy,0,2
25 Mar 2021,2-0,Italy,Northern Ireland,2,0
28 Mar 2021,0-2,Bulgaria,Italy,0,2
31 Mar 2021,0-2,Lithuania,Italy,0,2
28 May 2021,7-0,Italy,San Marino,7,0
06 Sep 2018,4-1,Wales,Republic of Ireland,4,1
09 Sep 2018,2-0,Denmark,Wales,2,0
11 Oct 2018,1-4,Wales,Spain,1,4
16 Oct 2018,0-1,Republic of Ireland,Wales,0,1
16 Nov 2018,1-2,Wales,Denmark,1,2
20 Nov 2018,1-0,Albania,Wales,1,0
20 Mar 2019,1-0,Wales,Trinidad and Tobago,1,0
24 Mar 2019,1-0,Wales,Slovakia,1,0
08 Jun 2019,2-1,Croatia,Wales,2,1
11 Jun 2019,1-0,Hungary,Wales,1,0
06 Sep 2019,2-1,Wales,Azerbaijan,2,1
09 Sep 2019,1-0,Wales,Belarus,1,0
10 Oct 2019,1-1,Slovakia,Wales,1,1
13 Oct 2019,1-1,Wales,Croatia,1,1
16 Nov 2019,0-2,Azerbaijan,Wales,0,2
19 Nov 2019,2-0,Wales,Hungary,2,0
03 Sep 2020,0-1,Finland,Wales,0,1
06 Sep 2020,1-0,Wales,Bulgaria,1,0
08 Oct 2020,3-0,England,Wales,3,0
11 Oct 2020,0-0,Republic of Ireland,Wales,0,0
14 Oct 2020,0-1,Bulgaria,Wales,0,1
12 Nov 2020,0-0,Wales,USA,0,0
15 Nov 2020,1-0,Wales,Republic of Ireland,1,0
18 Nov 2020,3-1,Wales,Finland,3,1
24 Mar 2021,3-1,Belgium,Wales,3,1
27 Mar 2021,1-0,Wales,Mexico,1,0
30 Mar 2021,1-0,Wales,Czech Republic,1,0
07 Sep 2018,1-2,Turkey,Russia,1,2
10 Sep 2018,2-3,Sweden,Turkey,2,3
11 Oct 2018,0-0,Turkey,Bosnia and Herzegovina,0,0
14 Oct 2018,2-0,Russia,Turkey,2,0
17 Nov 2018,0-1,Turkey,Sweden,0,1
20 Nov 2018,0-0,Turkey,Ukraine,0,0
22 Mar 2019,0-2,Albania,Turkey,0,2
25 Mar 2019,4-0,Turkey,Moldova,4,0
30 May 2019,2-1,Turkey,Greece,2,1
02 Jun 2019,2-0,Turkey,Uzbekistan,2,0
08 Jun 2019,2-0,Turkey,France,2,0
11 Jun 2019,2-1,Iceland,Turkey,2,1
07 Sep 2019,1-0,Turkey,Andorra,1,0
10 Sep 2019,0-4,Moldova,Turkey,0,4
11 Oct 2019,1-0,Turkey,Albania,1,0
14 Oct 2019,1-1,France,Turkey,1,1
14 Nov 2019,0-0,Turkey,Iceland,0,0
17 Nov 2019,0-2,Andorra,Turkey,0,2
03 Sep 2020,0-1,Turkey,Hungary,0,1
06 Sep 2020,0-0,Serbia,Turkey,0,0
07 Oct 2020,3-3,Germany,Turkey,3,3
11 Oct 2020,1-1,Russia,Turkey,1,1
14 Oct 2020,2-2,Turkey,Serbia,2,2
11 Nov 2020,3-3,Turkey,Croatia,3,3
15 Nov 2020,3-2,Turkey,Russia,3,2
18 Nov 2020,2-0,Hungary,Turkey,2,0
24 Mar 2021,4-2,Turkey,Netherlands,4,2
27 Mar 2021,0-3,Norway,Turkey,0,3
30 Mar 2021,3-3,Turkey,Latvia,3,3
27 May 2021,2-1,Turkey,Azerbaijan,2,1
07 Sep 2018,0-4,Scotland,Belgium,0,4
11 Sep 2018,0-3,Iceland,Belgium,0,3
12 Oct 2018,2-1,Belgium,Switzerland,2,1
16 Oct 2018,1-1,Belgium,Netherlands,1,1
15 Nov 2018,2-0,Belgium,Iceland,2,0
18 Nov 2018,5-2,Switzerland,Belgium,5,2
21 Mar 2019,3-1,Belgium,Russia,3,1
24 Mar 2019,0-2,Cyprus,Belgium,0,2
08 Jun 2019,3-0,Belgium,Kazakhstan,3,0
11 Jun 2019,3-0,Belgium,Scotland,3,0
06 Sep 2019,0-4,San Marino,Belgium,0,4
09 Sep 2019,0-4,Scotland,Belgium,0,4
10 Oct 2019,9-0,Belgium,San Marino,9,0
13 Oct 2019,0-2,Kazakhstan,Belgium,0,2
16 Nov 2019,1-4,Russia,Belgium,1,4
19 Nov 2019,6-1,Belgium,Cyprus,6,1
05 Sep 2020,0-2,Denmark,Belgium,0,2
08 Sep 2020,5-1,Belgium,Iceland,5,1
08 Oct 2020,1-1,Belgium,Ivory Coast,1,1
11 Oct 2020,2-1,England,Belgium,2,1
14 Oct 2020,1-2,Iceland,Belgium,1,2
11 Nov 2020,2-1,Belgium,Switzerland,2,1
15 Nov 2020,2-0,Belgium,England,2,0
18 Nov 2020,4-2,Belgium,Denmark,4,2
24 Mar 2021,3-1,Belgium,Wales,3,1
27 Mar 2021,1-1,Czech Republic,Belgium,1,1
30 Mar 2021,8-0,Belgium,Belarus,8,0
07 Sep 2018,1-2,Turkey,Russia,1,2
10 Sep 2018,5-1,Russia,Czech Republic,5,1
11 Oct 2018,0-0,Russia,Sweden,0,0
14 Oct 2018,2-0,Russia,Turkey,2,0
15 Nov 2018,3-0,Germany,Russia,3,0
20 Nov 2018,2-0,Sweden,Russia,2,0
21 Mar 2019,3-1,Belgium,Russia,3,1
24 Mar 2019,0-4,Kazakhstan,Russia,0,4
08 Jun 2019,9-0,Russia,San Marino,9,0
11 Jun 2019,1-0,Russia,Cyprus,1,0
06 Sep 2019,1-2,Scotland,Russia,1,2
09 Sep 2019,1-0,Russia,Kazakhstan,1,0
10 Oct 2019,4-0,Russia,Scotland,4,0
13 Oct 2019,0-5,Cyprus,Russia,0,5
16 Nov 2019,1-4,Russia,Belgium,1,4
19 Nov 2019,0-5,San Marino,Russia,0,5
03 Sep 2020,3-1,Russia,Serbia,3,1
06 Sep 2020,2-3,Hungary,Russia,2,3
08 Oct 2020,1-2,Russia,Sweden,1,2
14 Oct 2020,0-0,Russia,Hungary,0,0
12 Nov 2020,0-0,Moldova,Russia,0,0
15 Nov 2020,3-2,Turkey,Russia,3,2
18 Nov 2020,5-0,Serbia,Russia,5,0
24 Mar 2021,1-3,Malta,Russia,1,3
27 Mar 2021,2-1,Russia,Slovenia,2,1
30 Mar 2021,2-1,Slovakia,Russia,2,1
05 Sep 2018,3-0,Slovakia,Denmark,3,0
09 Sep 2018,2-0,Denmark,Wales,2,0
13 Oct 2018,0-0,Republic of Ireland,Denmark,0,0
16 Oct 2018,2-0,Denmark,Austria,2,0
16 Nov 2018,1-2,Wales,Denmark,1,2
19 Nov 2018,0-0,Denmark,Republic of Ireland,0,0
21 Mar 2019,2-2,Kosovo,Denmark,2,2
07 Jun 2019,1-1,Denmark,Republic of Ireland,1,1
10 Jun 2019,5-1,Denmark,Georgia,5,1
05 Sep 2019,0-6,Gibraltar,Denmark,0,6
08 Sep 2019,0-0,Georgia,Denmark,0,0
12 Oct 2019,1-0,Denmark,Switzerland,1,0
15 Oct 2019,4-0,Denmark,Luxembourg,4,0
15 Nov 2019,6-0,Denmark,Gibraltar,6,0
18 Nov 2019,1-1,Republic of Ireland,Denmark,1,1
05 Sep 2020,0-2,Denmark,Belgium,0,2
08 Sep 2020,0-0,Denmark,England,0,0
07 Oct 2020,4-0,Denmark,Faroe Islands,4,0
11 Oct 2020,0-3,Iceland,Denmark,0,3
14 Oct 2020,0-1,England,Denmark,0,1
11 Nov 2020,2-0,Denmark,Sweden,2,0
15 Nov 2020,2-1,Denmark,Iceland,2,1
18 Nov 2020,4-2,Belgium,Denmark,4,2
25 Mar 2021,0-2,Israel,Denmark,0,2
28 Mar 2021,8-0,Denmark,Moldova,8,0
31 Mar 2021,0-4,Austria,Denmark,0,4
08 Sep 2018,1-0,Finland,Hungary,1,0
11 Sep 2018,1-0,Finland,Estonia,1,0
12 Oct 2018,0-1,Estonia,Finland,0,1
15 Oct 2018,2-0,Finland,Greece,2,0
15 Nov 2018,1-0,Greece,Finland,1,0
18 Nov 2018,2-0,Hungary,Finland,2,0
08 Jan 2019,1-0,Finland,Sweden,1,0
11 Jan 2019,2-1,Estonia,Finland,2,1
23 Mar 2019,2-0,Italy,Finland,2,0
26 Mar 2019,0-2,Armenia,Finland,0,2
08 Jun 2019,2-0,Finland,Bosnia and Herzegovina,2,0
11 Jun 2019,0-2,Liechtenstein,Finland,0,2
05 Sep 2019,1-0,Finland,Greece,1,0
08 Sep 2019,1-2,Finland,Italy,1,2
12 Oct 2019,4-1,Bosnia and Herzegovina,Finland,4,1
15 Oct 2019,3-0,Finland,Armenia,3,0
15 Nov 2019,3-0,Finland,Liechtenstein,3,0
18 Nov 2019,2-1,Greece,Finland,2,1
03 Sep 2020,0-1,Finland,Wales,0,1
06 Sep 2020,0-1,Republic of Ireland,Finland,0,1
07 Oct 2020,5-1,Poland,Finland,5,1
11 Oct 2020,2-0,Finland,Bulgaria,2,0
14 Oct 2020,1-0,Finland,Republic of Ireland,1,0
11 Nov 2020,0-2,France,Finland,0,2
15 Nov 2020,1-2,Bulgaria,Finland,1,2
18 Nov 2020,3-1,Wales,Finland,3,1
24 Mar 2021,2-2,Finland,Bosnia and Herzegovina,2,2
28 Mar 2021,1-1,Ukraine,Finland,1,1
31 Mar 2021,3-2,Switzerland,Finland,3,2
29 May 2021,2-0,Sweden,Finland,2,0
06 Sep 2018,2-1,Netherlands,Peru,2,1
09 Sep 2018,2-1,France,Netherlands,2,1
13 Oct 2018,3-0,Netherlands,Germany,3,0
16 Nov 2018,2-0,Netherlands,France,2,0
19 Nov 2018,2-2,Germany,Netherlands,2,2
21 Mar 2019,4-0,Netherlands,Belarus,4,0
24 Mar 2019,2-3,Netherlands,Germany,2,3
06 Jun 2019,1-3,England,Netherlands,1,3
09 Jun 2019,1-0,Portugal,Netherlands,1,0
06 Sep 2019,2-4,Germany,Netherlands,2,4
09 Sep 2019,0-4,Estonia,Netherlands,0,4
10 Oct 2019,3-1,Netherlands,Northern Ireland,3,1
13 Oct 2019,1-2,Belarus,Netherlands,1,2
16 Nov 2019,0-0,Northern Ireland,Netherlands,0,0
19 Nov 2019,5-0,Netherlands,Estonia,5,0
04 Sep 2020,1-0,Netherlands,Poland,1,0
07 Sep 2020,0-1,Netherlands,Italy,0,1
07 Oct 2020,0-1,Netherlands,Mexico,0,1
11 Oct 2020,0-0,Bosnia and Herzegovina,Netherlands,0,0
11 Nov 2020,1-1,Netherlands,Spain,1,1
15 Nov 2020,3-1,Netherlands,Bosnia and Herzegovina,3,1
18 Nov 2020,1-2,Poland,Netherlands,1,2
24 Mar 2021,4-2,Turkey,Netherlands,4,2
27 Mar 2021,2-0,Netherlands,Latvia,2,0
30 Mar 2021,0-7,Gibraltar,Netherlands,0,7
06 Sep 2018,2-0,Austria,Sweden,2,0
11 Sep 2018,1-0,Bosnia and Herzegovina,Austria,1,0
12 Oct 2018,1-0,Austria,Northern Ireland,1,0
16 Oct 2018,2-0,Denmark,Austria,2,0
15 Nov 2018,0-0,Austria,Bosnia and Herzegovina,0,0
18 Nov 2018,1-2,Northern Ireland,Austria,1,2
21 Mar 2019,0-1,Austria,Poland,0,1
24 Mar 2019,4-2,Israel,Austria,4,2
07 Jun 2019,1-0,Austria,Slovenia,1,0
10 Jun 2019,1-4,North Macedonia,Austria,1,4
06 Sep 2019,6-0,Austria,Latvia,6,0
09 Sep 2019,0-0,Poland,Austria,0,0
10 Oct 2019,3-1,Austria,Israel,3,1
13 Oct 2019,0-1,Slovenia,Austria,0,1
16 Nov 2019,2-1,Austria,North Macedonia,2,1
19 Nov 2019,1-0,Latvia,Austria,1,0
04 Sep 2020,1-2,Norway,Austria,1,2
07 Sep 2020,2-3,Austria,Romania,2,3
07 Oct 2020,2-1,Austria,Greece,2,1
11 Oct 2020,0-1,Northern Ireland,Austria,0,1
14 Oct 2020,0-1,Romania,Austria,0,1
11 Nov 2020,0-3,Luxembourg,Austria,0,3
15 Nov 2020,2-1,Austria,Northern Ireland,2,1
18 Nov 2020,1-1,Austria,Norway,1,1
25 Mar 2021,2-2,Scotland,Austria,2,2
28 Mar 2021,3-1,Austria,Faroe Islands,3,1
31 Mar 2021,0-4,Austria,Denmark,0,4
06 Sep 2018,1-2,Czech Republic,Ukraine,1,2
09 Sep 2018,1-0,Ukraine,Slovakia,1,0
16 Oct 2018,1-0,Ukraine,Czech Republic,1,0
16 Nov 2018,4-1,Slovakia,Ukraine,4,1
22 Mar 2019,0-0,Portugal,Ukraine,0,0
25 Mar 2019,1-2,Luxembourg,Ukraine,1,2
07 Jun 2019,5-0,Ukraine,Serbia,5,0
10 Jun 2019,1-0,Ukraine,Luxembourg,1,0
07 Sep 2019,0-3,Lithuania,Ukraine,0,3
10 Sep 2019,2-2,Ukraine,Nigeria,2,2
11 Oct 2019,2-0,Ukraine,Lithuania,2,0
14 Oct 2019,2-1,Ukraine,Portugal,2,1
14 Nov 2019,1-0,Ukraine,Estonia,1,0
17 Nov 2019,2-2,Serbia,Ukraine,2,2
03 Sep 2020,2-1,Ukraine,Switzerland,2,1
06 Sep 2020,4-0,Spain,Ukraine,4,0
07 Oct 2020,7-1,France,Ukraine,7,1
10 Oct 2020,1-2,Ukraine,Germany,1,2
13 Oct 2020,1-0,Ukraine,Spain,1,0
11 Nov 2020,2-0,Poland,Ukraine,2,0
14 Nov 2020,3-1,Germany,Ukraine,3,1
17 Nov 2020,3-0,Switzerland,Ukraine,3,0
24 Mar 2021,1-1,France,Ukraine,1,1
31 Mar 2021,1-1,Ukraine,Kazakhstan,1,1
23 May 2021,1-1,Ukraine,Bahrain,1,1
06 Sep 2018,0-2,Gibraltar,North Macedonia,0,2
09 Sep 2018,2-0,North Macedonia,Armenia,2,0
13 Oct 2018,4-1,North Macedonia,Liechtenstein,4,1
16 Oct 2018,4-0,Armenia,North Macedonia,4,0
16 Nov 2018,0-2,Liechtenstein,North Macedonia,0,2
19 Nov 2018,4-0,North Macedonia,Gibraltar,4,0
21 Mar 2019,3-1,North Macedonia,Latvia,3,1
24 Mar 2019,1-1,Slovenia,North Macedonia,1,1
07 Jun 2019,0-1,North Macedonia,Poland,0,1
10 Jun 2019,1-4,North Macedonia,Austria,1,4
05 Sep 2019,1-1,Israel,North Macedonia,1,1
09 Sep 2019,0-2,Latvia,North Macedonia,0,2
10 Oct 2019,2-1,North Macedonia,Slovenia,2,1
13 Oct 2019,2-0,Poland,North Macedonia,2,0
16 Nov 2019,2-1,Austria,North Macedonia,2,1
19 Nov 2019,1-0,North Macedonia,Israel,1,0
05 Sep 2020,2-1,North Macedonia,Armenia,2,1
08 Sep 2020,1-1,Georgia,North Macedonia,1,1
08 Oct 2020,2-1,North Macedonia,Kosovo,2,1
11 Oct 2020,3-3,Estonia,North Macedonia,3,3
14 Oct 2020,1-1,North Macedonia,Georgia,1,1
12 Nov 2020,0-1,Georgia,North Macedonia,0,1
15 Nov 2020,2-1,North Macedonia,Estonia,2,1
18 Nov 2020,1-0,Armenia,North Macedonia,1,0
25 Mar 2021,3-2,Romania,North Macedonia,3,2
28 Mar 2021,5-0,North Macedonia,Liechtenstein,5,0
31 Mar 2021,1-2,Germany,North Macedonia,1,2
08 Sep 2018,1-2,England,Spain,1,2
11 Sep 2018,1-0,England,Switzerland,1,0
12 Oct 2018,0-0,Croatia,England,0,0
15 Oct 2018,2-3,Spain,England,2,3
15 Nov 2018,3-0,England,USA,3,0
18 Nov 2018,2-1,England,Croatia,2,1
22 Mar 2019,5-0,England,Czech Republic,5,0
25 Mar 2019,1-5,Montenegro,England,1,5
06 Jun 2019,1-3,England,Netherlands,1,3
09 Jun 2019,0-0 (5-6),Switzerland,England,5,6
07 Sep 2019,4-0,England,Bulgaria,4,0
10 Sep 2019,5-3,England,Kosovo,5,3
11 Oct 2019,2-1,Czech Republic,England,2,1
14 Oct 2019,0-6,Bulgaria,England,0,6
14 Nov 2019,7-0,England,Montenegro,7,0
17 Nov 2019,0-4,Kosovo,England,0,4
05 Sep 2020,0-1,Iceland,England,0,1
08 Oct 2020,3-0,England,Wales,3,0
11 Oct 2020,2-1,England,Belgium,2,1
14 Oct 2020,0-1,England,Denmark,0,1
12 Nov 2020,3-0,England,Republic of Ireland,3,0
15 Nov 2020,2-0,Belgium,England,2,0
18 Nov 2020,4-0,England,Iceland,4,0
25 Mar 2021,5-0,England,San Marino,5,0
28 Mar 2021,0-2,Albania,England,0,2
31 Mar 2021,2-1,England,Poland,2,1
06 Sep 2018,1-1,Portugal,Croatia,1,1
11 Sep 2018,6-0,Spain,Croatia,6,0
15 Oct 2018,2-1,Croatia,Jordan,2,1
15 Nov 2018,3-2,Croatia,Spain,3,2
18 Nov 2018,2-1,England,Croatia,2,1
21 Mar 2019,2-1,Croatia,Azerbaijan,2,1
24 Mar 2019,2-1,Hungary,Croatia,2,1
08 Jun 2019,2-1,Croatia,Wales,2,1
11 Jun 2019,1-2,Croatia,Tunisia,1,2
06 Sep 2019,0-4,Slovakia,Croatia,0,4
09 Sep 2019,1-1,Azerbaijan,Croatia,1,1
10 Oct 2019,3-0,Croatia,Hungary,3,0
16 Nov 2019,3-1,Croatia,Slovakia,3,1
19 Nov 2019,2-1,Croatia,Georgia,2,1
05 Sep 2020,4-1,Portugal,Croatia,4,1
08 Sep 2020,4-2,France,Croatia,4,2
07 Oct 2020,1-2,Switzerland,Croatia,1,2
11 Oct 2020,2-1,Croatia,Sweden,2,1
14 Oct 2020,1-2,Croatia,France,1,2
14 Nov 2020,2-1,Sweden,Croatia,2,1
17 Nov 2020,2-3,Croatia,Portugal,2,3
24 Mar 2021,1-0,Slovenia,Croatia,1,0
27 Mar 2021,1-0,Croatia,Cyprus,1,0
30 Mar 2021,3-0,Croatia,Malta,3,0
06 Sep 2018,1-2,Czech Republic,Ukraine,1,2
10 Sep 2018,5-1,Russia,Czech Republic,5,1
13 Oct 2018,1-2,Slovakia,Czech Republic,1,2
16 Oct 2018,1-0,Ukraine,Czech Republic,1,0
15 Nov 2018,0-1,Poland,Czech Republic,0,1
19 Nov 2018,1-0,Czech Republic,Slovakia,1,0
22 Mar 2019,5-0,England,Czech Republic,5,0
26 Mar 2019,1-3,Czech Republic,Brazil,1,3
07 Jun 2019,2-1,Czech Republic,Bulgaria,2,1
10 Jun 2019,3-0,Czech Republic,Montenegro,3,0
07 Sep 2019,2-1,Kosovo,Czech Republic,2,1
10 Sep 2019,0-3,Montenegro,Czech Republic,0,3
11 Oct 2019,2-1,Czech Republic,England,2,1
14 Oct 2019,2-3,Czech Republic,Northern Ireland,2,3
14 Nov 2019,2-1,Czech Republic,Kosovo,2,1
17 Nov 2019,1-0,Bulgaria,Czech Republic,1,0
04 Sep 2020,1-3,Slovakia,Czech Republic,1,3
07 Sep 2020,1-2,Czech Republic,Scotland,1,2
07 Oct 2020,1-2,Cyprus,Czech Republic,1,2
11 Oct 2020,1-2,Israel,Czech Republic,1,2
14 Oct 2020,1-0,Scotland,Czech Republic,1,0
11 Nov 2020,1-0,Germany,Czech Republic,1,0
15 Nov 2020,1-0,Czech Republic,Israel,1,0
18 Nov 2020,2-0,Czech Republic,Slovakia,2,0
24 Mar 2021,2-6,Estonia,Czech Republic,2,6
30 Mar 2021,1-0,Wales,Czech Republic,1,0
07 Sep 2018,0-4,Scotland,Belgium,0,4
10 Sep 2018,2-0,Scotland,Albania,2,0
11 Oct 2018,2-1,Israel,Scotland,2,1
14 Oct 2018,1-3,Scotland,Portugal,1,3
17 Nov 2018,0-4,Albania,Scotland,0,4
20 Nov 2018,3-2,Scotland,Israel,3,2
21 Mar 2019,3-0,Kazakhstan,Scotland,3,0
24 Mar 2019,0-2,San Marino,Scotland,0,2
08 Jun 2019,2-1,Scotland,Cyprus,2,1
11 Jun 2019,3-0,Belgium,Scotland,3,0
06 Sep 2019,1-2,Scotland,Russia,1,2
09 Sep 2019,0-4,Scotland,Belgium,0,4
10 Oct 2019,4-0,Russia,Scotland,4,0
13 Oct 2019,6-0,Scotland,San Marino,6,0
16 Nov 2019,1-2,Cyprus,Scotland,1,2
19 Nov 2019,3-1,Scotland,Kazakhstan,3,1
04 Sep 2020,1-1,Scotland,Israel,1,1
07 Sep 2020,1-2,Czech Republic,Scotland,1,2
08 Oct 2020,0-0 (5-3),Scotland,Israel,5,3
11 Oct 2020,1-0,Scotland,Slovakia,1,0
14 Oct 2020,1-0,Scotland,Czech Republic,1,0
12 Nov 2020,1-1 (4-5),Serbia,Scotland,4,5
15 Nov 2020,1-0,Slovakia,Scotland,1,0
18 Nov 2020,1-0,Israel,Scotland,1,0
28 Mar 2021,1-1,Israel,Scotland,1,1
31 Mar 2021,4-0,Scotland,Faroe Islands,4,0
08 Sep 2018,1-2,England,Spain,1,2
11 Sep 2018,6-0,Spain,Croatia,6,0
11 Oct 2018,1-4,Wales,Spain,1,4
15 Oct 2018,2-3,Spain,England,2,3
15 Nov 2018,3-2,Croatia,Spain,3,2
18 Nov 2018,1-0,Spain,Bosnia and Herzegovina,1,0
23 Mar 2019,2-1,Spain,Norway,2,1
26 Mar 2019,0-2,Malta,Spain,0,2
07 Jun 2019,1-4,Faroe Islands,Spain,1,4
10 Jun 2019,3-0,Spain,Sweden,3,0
05 Sep 2019,1-2,Romania,Spain,1,2
08 Sep 2019,4-0,Spain,Faroe Islands,4,0
12 Oct 2019,1-1,Norway,Spain,1,1
15 Oct 2019,1-1,Sweden,Spain,1,1
15 Nov 2019,7-0,Spain,Malta,7,0
18 Nov 2019,5-0,Spain,Romania,5,0
03 Sep 2020,1-1,Germany,Spain,1,1
06 Sep 2020,4-0,Spain,Ukraine,4,0
07 Oct 2020,0-0,Portugal,Spain,0,0
10 Oct 2020,1-0,Spain,Switzerland,1,0
13 Oct 2020,1-0,Ukraine,Spain,1,0
17 Nov 2020,6-0,Spain,Germany,6,0
25 Mar 2021,1-1,Spain,Greece,1,1
28 Mar 2021,1-2,Georgia,Spain,1,2
31 Mar 2021,3-1,Spain,Kosovo,3,1
11 Sep 2018,1-1,Poland,Republic of Ireland,1,1
11 Oct 2018,2-3,Poland,Portugal,2,3
14 Oct 2018,0-1,Poland,Italy,0,1
15 Nov 2018,0-1,Poland,Czech Republic,0,1
20 Nov 2018,1-1,Portugal,Poland,1,1
21 Mar 2019,0-1,Austria,Poland,0,1
24 Mar 2019,2-0,Poland,Latvia,2,0
07 Jun 2019,0-1,North Macedonia,Poland,0,1
10 Jun 2019,4-0,Poland,Israel,4,0
06 Sep 2019,2-0,Slovenia,Poland,2,0
10 Oct 2019,0-3,Latvia,Poland,0,3
13 Oct 2019,2-0,Poland,North Macedonia,2,0
16 Nov 2019,1-2,Israel,Poland,1,2
19 Nov 2019,3-2,Poland,Slovenia,3,2
04 Sep 2020,1-0,Netherlands,Poland,1,0
07 Sep 2020,1-2,Bosnia and Herzegovina,Poland,1,2
07 Oct 2020,5-1,Poland,Finland,5,1
14 Oct 2020,3-0,Poland,Bosnia and Herzegovina,3,0
11 Nov 2020,2-0,Poland,Ukraine,2,0
15 Nov 2020,2-0,Italy,Poland,2,0
18 Nov 2020,1-2,Poland,Netherlands,1,2
25 Mar 2021,3-3,Hungary,Poland,3,3
28 Mar 2021,3-0,Poland,Andorra,3,0
31 Mar 2021,2-1,England,Poland,2,1
05 Sep 2018,3-0,Slovakia,Denmark,3,0
09 Sep 2018,1-0,Ukraine,Slovakia,1,0
13 Oct 2018,1-2,Slovakia,Czech Republic,1,2
16 Oct 2018,1-1,Sweden,Slovakia,1,1
16 Nov 2018,4-1,Slovakia,Ukraine,4,1
19 Nov 2018,1-0,Czech Republic,Slovakia,1,0
21 Mar 2019,2-0,Slovakia,Hungary,2,0
24 Mar 2019,1-0,Wales,Slovakia,1,0
07 Jun 2019,5-1,Slovakia,Jordan,5,1
11 Jun 2019,1-5,Azerbaijan,Slovakia,1,5
06 Sep 2019,0-4,Slovakia,Croatia,0,4
09 Sep 2019,1-2,Hungary,Slovakia,1,2
13 Oct 2019,1-1,Slovakia,Paraguay,1,1
16 Nov 2019,3-1,Croatia,Slovakia,3,1
19 Nov 2019,2-0,Slovakia,Azerbaijan,2,0
04 Sep 2020,1-3,Slovakia,Czech Republic,1,3
07 Sep 2020,1-1,Israel,Slovakia,1,1
08 Oct 2020,0-0 (4-2),Slovakia,Republic of Ireland,4,2
11 Oct 2020,1-0,Scotland,Slovakia,1,0
14 Oct 2020,2-3,Slovakia,Israel,2,3
12 Nov 2020,1-2,Northern Ireland,Slovakia,1,2
15 Nov 2020,1-0,Slovakia,Scotland,1,0
18 Nov 2020,2-0,Czech Republic,Slovakia,2,0
24 Mar 2021,0-0,Cyprus,Slovakia,0,0
27 Mar 2021,2-2,Slovakia,Malta,2,2
30 Mar 2021,2-1,Slovakia,Russia,2,1
06 Sep 2018,2-0,Austria,Sweden,2,0
10 Sep 2018,2-3,Sweden,Turkey,2,3
17 Nov 2018,0-1,Turkey,Sweden,0,1
20 Nov 2018,2-0,Sweden,Russia,2,0
08 Jan 2019,1-0,Finland,Sweden,1,0
11 Jan 2019,2-2,Iceland,Sweden,2,2
23 Mar 2019,2-1,Sweden,Romania,2,1
26 Mar 2019,3-3,Norway,Sweden,3,3
07 Jun 2019,3-0,Sweden,Malta,3,0
10 Jun 2019,3-0,Spain,Sweden,3,0
05 Sep 2019,0-4,Faroe Islands,Sweden,0,4
08 Sep 2019,1-1,Sweden,Norway,1,1
12 Oct 2019,0-4,Malta,Sweden,0,4
15 Nov 2019,0-2,Romania,Sweden,0,2
18 Nov 2019,3-0,Sweden,Faroe Islands,3,0
09 Jan 2020,0-1,Moldova,Sweden,0,1
12 Jan 2020,0-1,Kosovo,Sweden,0,1
05 Sep 2020,0-1,Sweden,France,0,1
08 Sep 2020,0-2,Sweden,Portugal,0,2
08 Oct 2020,1-2,Russia,Sweden,1,2
11 Oct 2020,2-1,Croatia,Sweden,2,1
14 Oct 2020,3-0,Portugal,Sweden,3,0
11 Nov 2020,2-0,Denmark,Sweden,2,0
14 Nov 2020,2-1,Sweden,Croatia,2,1
17 Nov 2020,4-2,France,Sweden,4,2
25 Mar 2021,1-0,Sweden,Georgia,1,0
28 Mar 2021,0-3,Kosovo,Sweden,0,3
31 Mar 2021,1-0,Sweden,Estonia,1,0
29 May 2021,2-0,Sweden,Finland,2,0
06 Sep 2018,0-0,Germany,France,0,0
09 Sep 2018,2-1,Germany,Peru,2,1
13 Oct 2018,3-0,Netherlands,Germany,3,0
16 Oct 2018,2-1,France,Germany,2,1
15 Nov 2018,3-0,Germany,Russia,3,0
20 Mar 2019,1-1,Germany,Serbia,1,1
24 Mar 2019,2-3,Netherlands,Germany,2,3
08 Jun 2019,0-2,Belarus,Germany,0,2
11 Jun 2019,8-0,Germany,Estonia,8,0
06 Sep 2019,2-4,Germany,Netherlands,2,4
09 Sep 2019,0-2,Northern Ireland,Germany,0,2
09 Oct 2019,2-2,Germany,Argentina,2,2
13 Oct 2019,0-3,Estonia,Germany,0,3
16 Nov 2019,4-0,Germany,Belarus,4,0
19 Nov 2019,6-1,Germany,Northern Ireland,6,1
10 Oct 2020,1-2,Ukraine,Germany,1,2
11 Nov 2020,1-0,Germany,Czech Republic,1,0
14 Nov 2020,3-1,Germany,Ukraine,3,1
17 Nov 2020,6-0,Spain,Germany,6,0
25 Mar 2021,3-0,Germany,Iceland,3,0
28 Mar 2021,0-1,Romania,Germany,0,1
31 Mar 2021,1-2,Germany,North Macedonia,1,2
10 Sep 2018,1-0,Portugal,Italy,1,0
11 Oct 2018,2-3,Poland,Portugal,2,3
14 Oct 2018,1-3,Scotland,Portugal,1,3
25 Mar 2019,1-1,Portugal,Serbia,1,1
05 Jun 2019,3-1,Portugal,Switzerland,3,1
09 Jun 2019,1-0,Portugal,Netherlands,1,0
07 Sep 2019,2-4,Serbia,Portugal,2,4
10 Sep 2019,1-5,Lithuania,Portugal,1,5
11 Oct 2019,3-0,Portugal,Luxembourg,3,0
14 Oct 2019,2-1,Ukraine,Portugal,2,1
14 Nov 2019,6-0,Portugal,Lithuania,6,0
17 Nov 2019,0-2,Luxembourg,Portugal,0,2
05 Sep 2020,4-1,Portugal,Croatia,4,1
08 Sep 2020,0-2,Sweden,Portugal,0,2
11 Oct 2020,0-0,France,Portugal,0,0
14 Oct 2020,3-0,Portugal,Sweden,3,0
11 Nov 2020,7-0,Portugal,Andorra,7,0
14 Nov 2020,0-1,Portugal,France,0,1
17 Nov 2020,2-3,Croatia,Portugal,2,3
24 Mar 2021,1-0,Portugal,Azerbaijan,1,0
27 Mar 2021,2-2,Serbia,Portugal,2,2
30 Mar 2021,1-3,Luxembourg,Portugal,1,3
09 Sep 2018,2-1,France,Netherlands,2,1
11 Oct 2018,2-2,France,Iceland,2,2
16 Oct 2018,2-1,France,Germany,2,1
16 Nov 2018,2-0,Netherlands,France,2,0
20 Nov 2018,1-0,France,Uruguay,1,0
22 Mar 2019,1-4,Moldova,France,1,4
25 Mar 2019,4-0,France,Iceland,4,0
02 Jun 2019,2-0,France,Bolivia,2,0
08 Jun 2019,2-0,Turkey,France,2,0
11 Jun 2019,0-4,Andorra,France,0,4
07 Sep 2019,4-1,France,Albania,4,1
10 Sep 2019,3-0,France,Andorra,3,0
11 Oct 2019,0-1,Iceland,France,0,1
14 Nov 2019,2-1,France,Moldova,2,1
17 Nov 2019,0-2,Albania,France,0,2
05 Sep 2020,0-1,Sweden,France,0,1
08 Sep 2020,4-2,France,Croatia,4,2
07 Oct 2020,7-1,France,Ukraine,7,1
14 Oct 2020,1-2,Croatia,France,1,2
11 Nov 2020,0-2,France,Finland,0,2
14 Nov 2020,0-1,Portugal,France,0,1
17 Nov 2020,4-2,France,Sweden,4,2
28 Mar 2021,0-2,Kazakhstan,France,0,2
31 Mar 2021,0-1,Bosnia and Herzegovina,France,0,1
08 Sep 2018,1-0,Finland,Hungary,1,0
11 Sep 2018,2-1,Hungary,Greece,2,1
12 Oct 2018,1-0,Greece,Hungary,1,0
15 Oct 2018,3-3,Estonia,Hungary,3,3
15 Nov 2018,2-0,Hungary,Estonia,2,0
18 Nov 2018,2-0,Hungary,Finland,2,0
21 Mar 2019,2-0,Slovakia,Hungary,2,0
24 Mar 2019,2-1,Hungary,Croatia,2,1
08 Jun 2019,1-3,Azerbaijan,Hungary,1,3
11 Jun 2019,1-0,Hungary,Wales,1,0
05 Sep 2019,2-1,Montenegro,Hungary,2,1
09 Sep 2019,1-2,Hungary,Slovakia,1,2
10 Oct 2019,3-0,Croatia,Hungary,3,0
13 Oct 2019,1-0,Hungary,Azerbaijan,1,0
15 Nov 2019,1-2,Hungary,Uruguay,1,2
19 Nov 2019,2-0,Wales,Hungary,2,0
03 Sep 2020,0-1,Turkey,Hungary,0,1
06 Sep 2020,2-3,Hungary,Russia,2,3
08 Oct 2020,1-3,Bulgaria,Hungary,1,3
11 Oct 2020,0-1,Serbia,Hungary,0,1
12 Nov 2020,2-1,Hungary,Iceland,2,1
15 Nov 2020,1-1,Hungary,Serbia,1,1
18 Nov 2020,2-0,Hungary,Turkey,2,0
28 Mar 2021,0-3,San Marino,Hungary,0,3
31 Mar 2021,1-4,Andorra,Hungary,1,4
